任务名称,描述,优先级,截止日期,状态,创建时间
ydWaqAUXw,Set up new servers,5,2024-09-26,2024-10-03 01:16:35
dsLE9T,Integrate third-party services,5,2024-09-21,2024-10-03 01:16:35
ar1XYR1,Integrate third-party services,5,2025-02-05,2024-10-03 01:16:35
SKqCAuQ,Upgrade backend systems,5,2024-09-09,2024-10-03 01:16:35
9i40EV6,Integrate third-party services,5,2024-08-27,2024-10-03 01:16:35
aim5Va,Evaluate the team efficiency,4,2025-05-04,2024-10-03 01:16:35
SW5WC,Plan a product roadshow,3,2024-09-21,2024-10-03 01:16:35
erJnLfA,Integrate third-party services,3,2025-03-06,2024-10-03 01:16:35
JFupHcZmYq,Lead the next sprint planning,3,2024-09-27,2024-10-03 01:16:35
IOypXC,Run system vulnerability tests,3,2024-09-03,2024-10-03 01:16:35
a0XzpulNB,Plan a product roadshow,3,2024-09-13,2024-10-03 01:16:35
m2b5aiqc,Revise the privacy policy,2,2024-09-22,2024-10-03 01:16:35
DBndXR,Revise the privacy policy,2,2024-09-06,2024-10-03 01:16:35
hNflSw,Prepare the social media strategy,2,2025-02-22,2024-10-03 01:16:35
7Beqw4w0,Organize training for employees,2,2024-09-22,2024-10-03 01:16:35
39fh6D,Assess the system for scalability,2,2024-09-22,2024-10-03 01:16:35
8yA9W6,Integrate third-party services,1,2024-09-22,2024-10-03 01:16:35
At7mF1otvx,Integrate third-party services,1,2025-08-29,2024-10-03 01:16:35
3TU9ry2,Lead the next sprint planning,1,2024-12-05,2024-10-03 01:16:35
oicHbwi,Upgrade backend systems,1,2024-09-24,2024-10-03 01:16:35
