Name,Description,Priority,Deadline
SW5WC,Plan a product roadshow,3,2024-09-21
ar1XYR1,Integrate third-party services,5,2025-02-05
DBndXR,Revise the privacy policy,2,2024-09-06
erJnLfA,Integrate third-party services,3,2025-03-06
At7mF1otvx,Integrate third-party services,1,2025-08-29
m2b5aiqc,Revise the privacy policy,2,2024-09-22
hNflSw,Prepare the social media strategy,2,2025-02-22
3TU9ry2,Lead the next sprint planning,1,2024-12-05
9i40EV6,Integrate third-party services,5,2024-08-27
JFupHcZmYq,Lead the next sprint planning,3,2024-09-27
dsLE9T,Integrate third-party services,5,2024-09-21
aim5Va,Evaluate the team efficiency,4,2025-05-04
IOypXC,Run system vulnerability tests,3,2024-09-03
a0XzpulNB,Plan a product roadshow,3,2024-09-13
SKqCAuQ,Upgrade backend systems,5,2024-09-09
39fh6D,Assess the system for scalability,2,2024-09-22
oicHbwi,Upgrade backend systems,1,2024-09-24
8yA9W6,Integrate third-party services,1,2024-09-22
7Beqw4w0,Organize training for employees,2,2024-09-22
ydWaqAUXw,Set up new servers,5,2024-09-26
